<?xml version="1.0" encoding="UTF-8"?>
<project xmlns="http://www.netbeans.org/ns/project/1">
    <type>org.netbeans.modules.php.project</type>
    <configuration>
        <data xmlns="http://www.netbeans.org/ns/php-project/1">
            <name>auditoria</name>
        </data>
        <spellchecker-wordlist xmlns="http://www.netbeans.org/ns/spellchecker-wordlist/1">
            <word>atrasados</word>
            <word>Auditar</word>
            <word>Cirurgia</word>
            <word>Floripa</word>
            <word>guaruja</word>
            <word>Mingas</word>
            <word>Mongagua</word>
            <word>Salesopolis</word>
        </spellchecker-wordlist>
    </configuration>
</project>
