<?xml version="1.0" encoding="UTF-8"?>
<project-private xmlns="http://www.netbeans.org/ns/project-private/1">
    <editor-bookmarks xmlns="http://www.netbeans.org/ns/editor-bookmarks/2" lastBookmarkId="0"/>
    <open-files xmlns="http://www.netbeans.org/ns/projectui-open-files/2">
        <group>
            <file>file:/D:/Projects/auditoria/app/Compromiso.php</file>
            <file>file:/D:/Projects/auditoria/resources/views/email/compromiso_alerta_auditado.blade.php</file>
            <file>file:/D:/Projects/auditoria/app/Http/Controllers/SeguimientoController.php</file>
            <file>file:/D:/Projects/auditoria/resources/views/seguimiento/form.blade.php</file>
            <file>file:/D:/Projects/auditoria/resources/views/layouts/partials/scripts.blade.php</file>
            <file>file:/D:/Projects/auditoria/resources/views/email/compromiso_alerta_auditor.blade.php</file>
            <file>file:/D:/Projects/auditoria/resources/views/layouts/partials/mainheader.blade.php</file>
            <file>file:/D:/Projects/auditoria/resources/views/seguimiento/js.blade.php</file>
            <file>file:/D:/Projects/auditoria/app/Console/Commands/CompromisoAlerta.php</file>
            <file>file:/D:/Projects/auditoria/resources/views/layouts/partials/htmlheader.blade.php</file>
        </group>
    </open-files>
</project-private>
