<?xml version="1.0" encoding="UTF-8"?>
<project-private xmlns="http://www.netbeans.org/ns/project-private/1">
    <editor-bookmarks xmlns="http://www.netbeans.org/ns/editor-bookmarks/2" lastBookmarkId="0"/>
    <open-files xmlns="http://www.netbeans.org/ns/projectui-open-files/2">
        <group>
            <file>file:/C:/xampp/htdocs/auditoria/app/Http/Controllers/DepartamentoController.php</file>
            <file>file:/C:/xampp/htdocs/auditoria/resources/views/establecimiento/js.blade.php</file>
            <file>file:/C:/xampp/htdocs/auditoria/resources/views/establecimiento/form_open_edit.blade.php</file>
            <file>file:/C:/xampp/htdocs/auditoria/.env</file>
            <file>file:/C:/xampp/htdocs/auditoria/resources/views/establecimiento/delete.blade.php</file>
            <file>file:/C:/xampp/htdocs/auditoria/app/Establecimiento.php</file>
            <file>file:/C:/xampp/htdocs/auditoria/resources/views/departamento/form.blade.php</file>
            <file>file:/C:/xampp/htdocs/auditoria/resources/views/unidad/js.blade.php</file>
            <file>file:/C:/xampp/htdocs/auditoria/resources/views/departamento/js.blade.php</file>
            <file>file:/C:/xampp/htdocs/auditoria/resources/views/unidad/form.blade.php</file>
            <file>file:/C:/xampp/htdocs/auditoria/app/Departamento.php</file>
        </group>
    </open-files>
</project-private>
